Dustbin ID,E-ARIMA RMSE,Best Params
2,2.503181268396755,"(2, 1, 2)"
4,2.260029774443164,"(2, 1, 2)"
1,2.3203978990240937,"(2, 1, 2)"
3,2.579427737568858,"(2, 1, 2)"
5,2.296469694065065,"(2, 1, 2)"
6,2.8693531620871413,"(2, 1, 2)"
