Dustbin ID,E-LSTM RMSE
2,0.013388634
4,0.004327774
1,0.0011053085
3,0.012751579
5,0.001490593
6,0.017421722
