Dustbin ID,XGBoost RMSE
2,0.9684215460816905
4,0.8702306275838055
1,1.0132488358513085
3,1.2334435987937014
5,0.9480322256406647
6,1.0435727726162805
